batch_size,epochs,learning_rate,noise_multiplier,max_per_sample_grad_norm,clipping_mode,algorithm,overall_privacy_spent,dataset,model_name,device,iteration_train_times,training_losses,validation_losses,validation_dice_scores,total_training_time
10,5,0.0005,,,,Non_DP,,Duke,ConvNet,cpu,"[2.465772867202759, 2.3099799156188965, 2.4639759063720703, 2.464465856552124, 2.456162214279175]","[0.13419905575838956, 0.12256105740865071, 0.11390284697214763, 0.11087829055208148, 0.11007924874623616]",[],[],12.16065263748169
10,5,0.0005,,,,Non_DP,,Duke,ConvNet,cpu,"[2.9601330757141113, 2.6575729846954346, 2.62335205078125, 2.5744330883026123, 2.5756051540374756]","[0.13817268429380475, 0.13802477085229123, 0.13785529497897986, 0.13766875772765189, 0.13724629084269205]",[3.120269005948847],[tensor(0.1142)],15.828049898147585
10,5,0.0005,,,,Non_DP,,Duke,ConvNet,cpu,"[3.070571184158325, 2.702763080596924, 2.4918410778045654, 2.5543129444122314, 2.5416059494018555]","[0.13817267706899933, 0.13802477085229123, 0.1378550132115682, 0.1376667528441458, 0.13722320397694907]",[3.120268713344227],[tensor(0.1142)],15.86535120010376
