batch_size,epochs,learning_rate,noise_multiplier,max_grad_norm,clipping_mode,algorithm,overall_privacy_spent,dataset,model_name,device,iteration_train_times,training_losses,validation_losses,validation_dice_scores,total_training_time
10,5,0.0005,0.5,1.0,flat,opacus-ac,"[13.181422858308167, 16.990932332738247, 20.01228577369793, 22.64497654660464, 25.035361526891794]",Duke,unet,cpu,"[23.30948805809021, 23.390096187591553, 23.30328392982483, 23.225040912628174, 23.548494815826416]","[0.13671163356665408, 0.13669134631301416, 0.13664704380613385, 0.13670089389338638, 0.13666520696697812]",[3.0257313576611606],[tensor(0.0988)],122.25183892250061
